<?xml version="1.0" encoding="UTF-8"?>
<!--
    Licensed Materials - Property of IBM
    5725-I43 (C) Copyright IBM Corp. 2011, 2013. All Rights Reserved.
    US Government Users Restricted Rights - Use, duplication or
    disclosure restricted by GSA ADP Schedule Contract with IBM Corp.
-->
<!-- *************************************************-->
<!-- Created or modified by Thomas Südbröcker         -->
<!-- All usage is on your own risk no guarantee       -->
<!-- *************************************************-->
<wl:adapter name="comradeAdapter"
	xmlns:xsi="http://www.w3.org/2001/XMLSchema-instance"
	xmlns:wl="http://www.ibm.com/mfp/integration"
	xmlns:http="http://www.ibm.com/mfp/integration/http">

	<displayName>comradeAdapter</displayName>
	<description>comradeAdapter</description>
	<connectivity>
		<connectionPolicy xsi:type="http:HTTPConnectionPolicyType">
			<protocol>http</protocol>
			<domain>api.randomuser.me</domain>
			<port>80</port>
			<connectionTimeoutInMilliseconds>30000</connectionTimeoutInMilliseconds>
			<socketTimeoutInMilliseconds>30000</socketTimeoutInMilliseconds>
			<maxConcurrentConnectionsPerNode>50</maxConcurrentConnectionsPerNode>
			<!-- Following properties used by adapter's key manager for choosing specific certificate from key store
			<sslCertificateAlias></sslCertificateAlias>
			<sslCertificatePassword></sslCertificatePassword>
			-->
		</connectionPolicy>
	</connectivity>

	<procedure name="getComrades"/>
</wl:adapter>
